{
  "Atlanta Hawks": "https://cdn.freebiesupply.com/images/thumbs/1x/atlanta-hawks-logo.png",
  "Boston Celtics":"https://cdn.freebiesupply.com/images/thumbs/1x/boston-celtics-logo.png",
  "Brooklyn Nets": "https://cdn.freebiesupply.com/images/thumbs/1x/brooklyn-nets-logo.png",
  "Charlotte Hornets": "https://cdn.freebiesupply.com/images/thumbs/1x/charlotte-hornets-logo.png",
  "Chicago Bulls": "https://cdn.freebiesupply.com/images/thumbs/1x/chicago-bulls-logo.png",
  "Cleveland Cavaliers": "https://cdn.freebiesupply.com/images/thumbs/1x/cleveland-cavaliers-logo.png",
  "Dallas Mavericks": "https://cdn.freebiesupply.com/images/thumbs/1x/dallas-mavericks-logo.png",
  "Denver Nuggets": "https://cdn.freebiesupply.com/images/thumbs/1x/denver-nuggets-logo.png",
  "Detroit Pistons": "https://cdn.freebiesupply.com/images/thumbs/1x/detroit-pistons-logo.png",
  "Golden State Warriors": "https://cdn.freebiesupply.com/images/thumbs/1x/golden-state-warriors-logo.png",
  "Houston Rockets": "https://cdn.freebiesupply.com/images/thumbs/1x/houston-rockets-logo.png",
  "Indiana Pacers": "https://cdn.freebiesupply.com/images/thumbs/1x/indiana-pacers-logo.png",
  "Los Angeles Clippers": "https://cdn.freebiesupply.com/images/thumbs/1x/los-angeles-clippers-logo.png",
  "Los Angeles Lakers": "https://cdn.freebiesupply.com/images/thumbs/1x/los-angeles-lakers-logo.png",
  "Memphis Grizzlies": "https://cdn.freebiesupply.com/images/thumbs/1x/memphis-grizzlies-logo.png",
  "Miami Heat": "https://cdn.freebiesupply.com/images/thumbs/1x/miami-heat-logo.png",
  "Milwaukee Bucks": "https://cdn.freebiesupply.com/images/thumbs/1x/milwaukee-bucks-logo.png",
  "Minnesota Timberwolves": "https://cdn.freebiesupply.com/images/thumbs/1x/minnesota-timberwolves-logo.png",
  "New Orleans Pelicans": "https://cdn.freebiesupply.com/images/thumbs/1x/new-orleans-pelicans-logo.png",
  "New York Knicks": "https://cdn.freebiesupply.com/images/thumbs/1x/new-york-knicks-logo.png",
  "Oklahoma City Thunder": "https://cdn.freebiesupply.com/images/thumbs/1x/oklahoma-city-thunder-logo.png",
  "Orlando Magic": "https://cdn.freebiesupply.com/images/thumbs/1x/orlando-magic-logo.png",
  "Philadelphia 76ers": "https://cdn.freebiesupply.com/images/thumbs/1x/philadelphia-76ers-logo.png",
  "Phoenix Suns":"https://cdn.freebiesupply.com/images/thumbs/1x/phoenix-suns-logo.png",
  "Portland Trail Blazers": "https://cdn.freebiesupply.com/images/thumbs/1x/portland-trail-blazers-logo.png",
  "Sacramento Kings": "https://cdn.freebiesupply.com/images/thumbs/1x/sacramento-kings-logo.png",
  "San Antonio Spurs": "https://cdn.freebiesupply.com/images/thumbs/1x/san-antonio-spurs-logo.png",
  "Toronto Raptors":"https://cdn.freebiesupply.com/images/thumbs/1x/toronto-raptors-logo.png",
  "Utah Jazz": "https://cdn.freebiesupply.com/images/thumbs/1x/utah-jazz-logo.png",
  "Washington Wizards": "https://cdn.freebiesupply.com/images/thumbs/1x/washington-wizards-logo.png"
}