{
  "Arizona Diamondbacks": "https://seeklogo.com/images/A/arizona-diamondbacks-logo-7D68B704A4-seeklogo.com.png",
  "Atlanta Braves": "https://seeklogo.com/images/A/atlanta-braves-logo-EED8ABC456-seeklogo.com.png",
  "Baltimore Orioles": "https://seeklogo.com/images/B/baltimore-orioles-logo-9CE23E31DB-seeklogo.com.png",
  "Boston Red Sox": "https://seeklogo.com/images/B/boston-red-sox-logo-21F446678F-seeklogo.com.png",
  "Chicago Cubs": "https://seeklogo.com/images/C/chicago-cubs-logo-CE29653727-seeklogo.com.png",
  "Chicago White Sox": "https://seeklogo.com/images/C/chicago-white-sox-logo-A06D41EC73-seeklogo.com.png",
  "Cincinnati Reds": "https://seeklogo.com/images/C/cincinnati-reds-logo-9A2A2DFA51-seeklogo.com.png",
  "Cleveland Guardians": "https://seeklogo.com/images/C/cleveland-guardians-2022-logo-0C2BA745A3-seeklogo.com.png",
  "Colorado Rockies": "https://seeklogo.com/images/C/colorado-rockies-logo-0956680566-seeklogo.com.png",
  "Detroit Tigers": "https://seeklogo.com/images/D/detroit-tigers-logo-3AF167DB5C-seeklogo.com.png",
  "Houston Astros": "https://seeklogo.com/images/H/houston-astros-logo-8AD67B4361-seeklogo.com.png",
  "Kansas City Royals": "https://seeklogo.com/images/K/kc-royals-logo-E03C0EDE47-seeklogo.com.png",
  "Los Angeles Angels": "https://seeklogo.com/images/A/anaheim-angels-logo-5F890E03CD-seeklogo.com.png",
  "Los Angeles Dodgers": "https://seeklogo.com/images/L/los-angeles-dodgers-logo-36C5B29B93-seeklogo.com.png",
  "Miami Marlins": "https://seeklogo.com/images/M/miami-marlins-logo-D821C575ED-seeklogo.com.png",
  "Milwaukee Brewers": "https://seeklogo.com/images/M/milwaukee-brewers-logo-CBC87B4FE7-seeklogo.com.png",
  "Minnesota Twins": "https://seeklogo.com/images/M/minnesota-twins-logo-B40589B4EA-seeklogo.com.png",
  "New York Mets": "https://seeklogo.com/images/N/new-york-mets-logo-C3F50382B4-seeklogo.com.png",
  "New York Yankees": "https://seeklogo.com/images/N/new-york-yankees-logo-766DC138B6-seeklogo.com.png",
  "Oakland Athletics": "https://seeklogo.com/images/O/oakland-athletics-logo-45519312F8-seeklogo.com.png",
  "Philadelphia Phillies": "https://seeklogo.com/images/P/philadelphia-phillies-logo-FFD98893A4-seeklogo.com.png",
  "Pittsburgh Pirates": "https://seeklogo.com/images/P/pittsburgh-pirates-logo-90AA2CABDC-seeklogo.com.png",
  "San Diego Padres": "https://seeklogo.com/images/S/san-diego-padres-logo-8DA9760E7B-seeklogo.com.png",
  "San Francisco Giants": "https://seeklogo.com/images/S/san-francisco-giants-logo-E7021441EC-seeklogo.com.png",
  "Seattle Mariners": "https://seeklogo.com/images/S/seattle-mariners-logo-7E5685CA89-seeklogo.com.png",
  "St. Louis Cardinals": "https://seeklogo.com/images/S/st-louis-cardinals-logo-9F5B62FC45-seeklogo.com.png",
  "Tampa Bay Rays": "https://seeklogo.com/images/T/tampa-bay-rays-logo-C068902F0E-seeklogo.com.png",
  "Texas Rangers": "https://seeklogo.com/images/T/texas-rangers-logo-6BC9E1586C-seeklogo.com.png",
  "Toronto Blue Jays": "https://seeklogo.com/images/T/toronto-blue-jays-logo-8D9FB14545-seeklogo.com.png",
  "Washington Nationals": "https://seeklogo.com/images/W/washington-nationals-baseball-team-logo-986681D07B-seeklogo.com.png"
}