[
    {
        "Team1": "Washington Nationals",
        "Team2": "Los Angeles Dodgers",
        "Total": 9.5
    },
    {
        "Team1": "St. Louis Cardinals",
        "Team2": "Oakland Athletics",
        "Total": 8
    },
    {
        "Team1": "Cincinnati Reds",
        "Team2": "Seattle Mariners",
        "Total": 7
    },
    {
        "Team1": "Chicago Cubs",
        "Team2": "Arizona Diamondbacks",
        "Total": 10.5
    },
    {
        "Team1": "Atlanta Braves",
        "Team2": "Houston Astros",
        "Total": 9.5
    },
    {
        "Team1": "Kansas City Royals",
        "Team2": "Chicago White Sox",
        "Total": 8
    },
    {
        "Team1": "San Diego Padres",
        "Team2": "Milwaukee Brewers",
        "Total": 8.5
    },
    {
        "Team1": "Pittsburgh Pirates",
        "Team2": "New York Mets",
        "Total": 7.5
    },
    {
        "Team1": "Cleveland Guardians",
        "Team2": "Boston Red Sox",
        "Total": 8.5
    },
    {
        "Team1": "New York Yankees",
        "Team2": "Toronto Blue Jays",
        "Total": 8
    },
    {
        "Team1": "Los Angeles Angels",
        "Team2": "Tampa Bay Rays",
        "Total": 8
    },
    {
        "Team1": "Colorado Rockies",
        "Team2": "Philadelphia Phillies",
        "Total": 8.5
    },
    {
        "Team1": "San Francisco Giants",
        "Team2": "Miami Marlins",
        "Total": 8.5
    },
    {
        "Team1": "Minnesota Twins",
        "Team2": "Baltimore Orioles",
        "Total": 8.5
    },
    {
        "Team1": "Texas Rangers",
        "Team2": "Detroit Tigers",
        "Total": 8
    }
]