[
    {
        "Team1": "San Diego Padres",
        "Team2": "Milwaukee Brewers",
        "original_total": 8.5,
        "adj_total": 13.223116044444444,
        "Team1total": 5.138943599999999,
        "Team2total": 8.084172444444444,
        "difference": 4.723116044444444
    },
    {
        "Team1": "Cincinnati Reds",
        "Team2": "Seattle Mariners",
        "original_total": 7,
        "adj_total": 10.482693333333334,
        "Team1total": 6.310533333333334,
        "Team2total": 4.17216,
        "difference": 3.4826933333333336
    },
    {
        "Team1": "Atlanta Braves",
        "Team2": "Houston Astros",
        "original_total": 9.5,
        "adj_total": 12.231933977777778,
        "Team1total": 7.060777777777778,
        "Team2total": 5.1711562,
        "difference": 2.7319339777777785
    },
    {
        "Team1": "Pittsburgh Pirates",
        "Team2": "New York Mets",
        "original_total": 7.5,
        "adj_total": 9.95852711111111,
        "Team1total": 3.7383799999999994,
        "Team2total": 6.22014711111111,
        "difference": 2.4585271111111098
    },
    {
        "Team1": "New York Yankees",
        "Team2": "Toronto Blue Jays",
        "original_total": 8,
        "adj_total": 8.929373333333332,
        "Team1total": 4.862933333333332,
        "Team2total": 4.06644,
        "difference": 0.9293733333333325
    },
    {
        "Team1": "Minnesota Twins",
        "Team2": "Baltimore Orioles",
        "original_total": 8.5,
        "adj_total": 9.151611800000001,
        "Team1total": 3.8662080000000003,
        "Team2total": 5.2854038,
        "difference": 0.6516118000000013
    },
    {
        "Team1": "Los Angeles Angels",
        "Team2": "Tampa Bay Rays",
        "original_total": 8,
        "adj_total": 8.560927199999998,
        "Team1total": 4.1668031999999995,
        "Team2total": 4.394124,
        "difference": 0.5609271999999983
    },
    {
        "Team1": "Cleveland Guardians",
        "Team2": "Boston Red Sox",
        "original_total": 8.5,
        "adj_total": 8.5945782,
        "Team1total": 4.217075,
        "Team2total": 4.3775032000000005,
        "difference": 0.09457820000000083
    },
    {
        "Team1": "San Francisco Giants",
        "Team2": "Miami Marlins",
        "original_total": 8.5,
        "adj_total": 7.943463000000001,
        "Team1total": 3.7706034000000006,
        "Team2total": 4.172859600000001,
        "difference": -0.5565369999999987
    },
    {
        "Team1": "Kansas City Royals",
        "Team2": "Chicago White Sox",
        "original_total": 8,
        "adj_total": 7.107808800000001,
        "Team1total": 4.91946,
        "Team2total": 2.188348800000001,
        "difference": -0.8921911999999992
    },
    {
        "Team1": "Colorado Rockies",
        "Team2": "Philadelphia Phillies",
        "original_total": 8.5,
        "adj_total": 7.2895351999999995,
        "Team1total": 4.5503752,
        "Team2total": 2.7391599999999996,
        "difference": -1.2104648000000005
    },
    {
        "Team1": "St. Louis Cardinals",
        "Team2": "Oakland Athletics",
        "original_total": 8,
        "adj_total": 6.1641024,
        "Team1total": 3.33888,
        "Team2total": 2.8252224,
        "difference": -1.8358976
    },
    {
        "Team1": "Chicago Cubs",
        "Team2": "Arizona Diamondbacks",
        "original_total": 10.5,
        "adj_total": 8.499762,
        "Team1total": 4.2299999999999995,
        "Team2total": 4.269762,
        "difference": -2.0002379999999995
    }
]