{
"Alabama": "https://seeklogo.com/images/A/alabama-crimson-tide-logo-203F2622BC-seeklogo.com.png",
"North Carolina":"https://seeklogo.com/images/U/unc-tar-heels-logo-EFF5BF8D5C-seeklogo.com.png",
"Illinois": "https://seeklogo.com/images/U/university-of-illinois-fighting-illini-logo-CC6C64BDC9-seeklogo.com.png",
"Iowa State": "https://seeklogo.com/images/I/iowa-state-cyclones-logo-7BDC3E5446-seeklogo.com.png",
"Clemson": "https://seeklogo.com/images/C/clemson-tigers-logo-C65051270C-seeklogo.com.png",
"Arizona": "https://seeklogo.com/images/A/arizona-wildcats-logo-0D574CC605-seeklogo.com.png",
"San Diego State": "https://seeklogo.com/images/S/san-diego-state-aztecs-logo-F5ECEACD4C-seeklogo.com.png",
"UConn": "https://seeklogo.com/images/U/uconn-huskies-logo-D0332F0116-seeklogo.com.png",
"NC State": "https://seeklogo.com/images/N/north-carolina-state-university-athletic-logo-C15058E248-seeklogo.com.png",
"Marquette": "https://seeklogo.com/images/M/marquette-golden-eagles-logo-2BAC3E6FFF-seeklogo.com.png",
"Gonzaga": "https://seeklogo.com/images/G/gonzaga-bulldogs-logo-2E22CB7EE0-seeklogo.com.png",
"Purdue": "https://seeklogo.com/images/P/purdue-boilermakers-logo-E648228F36-seeklogo.com.png",
"Duke": "https://seeklogo.com/images/D/duke-blue-devil-logo-6F7D1FB55D-seeklogo.com.png",
"Houston": "https://seeklogo.com/images/U/university-of-houston-cougars-logo-55D06F0ACC-seeklogo.com.png",
"Creighton": "https://seeklogo.com/images/C/creighton-bluejays-logo-BC6823B92F-seeklogo.com.png",
"Tennessee": "https://seeklogo.com/images/T/tennessee-volunteers-athletics-logo-E079161165-seeklogo.com.png",
"Indiana State": "https://seeklogo.com/images/I/indiana-state-sycamores-logo-65F6117AD3-seeklogo.com.png",
"Utah": "https://seeklogo.com/images/U/utah-utes-logo-2DABAABEC0-seeklogo.com.png",
"Georgia": "https://seeklogo.com/images/G/georgia-bulldogs-logo-43BA17910C-seeklogo.com.png",
"Seton Hall": "https://seeklogo.com/images/S/seton-hall-pirates-logo-A54EB9363E-seeklogo.com.png"
}