{
  "Anaheim Ducks": "https://seeklogo.com/images/A/anaheim-ducks-logo-4AA929151B-seeklogo.com.png",
  "Arizona Coyotes":"https://seeklogo.com/images/A/arizona-coyotes-logo-06D70D6AD7-seeklogo.com.png",
  "Boston Bruins": "https://seeklogo.com/images/B/boston-bruins-logo-41FD986EBD-seeklogo.com.png",
  "Buffalo Sabres": "https://seeklogo.com/images/B/buffalo-sabres-logo-3AF10F33B2-seeklogo.com.png",
  "Calgary Flames": "https://seeklogo.com/images/C/calgary-flames-logo-07E6BD4C24-seeklogo.com.png",
  "Carolina Hurricanes": "https://seeklogo.com/images/C/carolina-hurricanes-logo-7FCDDE3FB7-seeklogo.com.png",
  "Chicago Blackhawks": "https://seeklogo.com/images/C/chicago-blackhawks-logo-7283132E05-seeklogo.com.png",
  "Colorado Avalanche": "https://seeklogo.com/images/C/colorado-avalanche-logo-6B7687473C-seeklogo.com.png",
  "Columbus Blue Jackets": "https://seeklogo.com/images/C/columbus-blue-jackets-logo-55ACF97D58-seeklogo.com.png",
  "Dallas Stars": "https://seeklogo.com/images/D/dallas-stars-logo-7D47FD17FC-seeklogo.com.png",
  "Detroit Red Wings": "https://seeklogo.com/images/D/detroit-red-wings-logo-96E71B684D-seeklogo.com.png",
  "Edmonton Oilers": "https://seeklogo.com/images/E/edmonton-oilers-logo-D3269C815B-seeklogo.com.png",
  "Florida Panthers": "https://seeklogo.com/images/F/florida-panthers-logo-4BD93A0B60-seeklogo.com.png",
  "Los Angeles Kings": "https://seeklogo.com/images/L/los-angeles-kings-logo-5EAA665C98-seeklogo.com.png",
  "Minnesota Wild": "https://seeklogo.com/images/M/minnesota-wild-logo-9A7A118107-seeklogo.com.png",
  "Montréal Canadiens": "https://seeklogo.com/images/M/montreal-canadiens-logo-DC28BA41C1-seeklogo.com.png",
  "Nashville Predators": "https://seeklogo.com/images/N/nashville-predators-logo-FC95E320EF-seeklogo.com.png",
  "New Jersey Devils": "https://seeklogo.com/images/N/new-jersey-devils-logo-C80F7CE395-seeklogo.com.png",
  "New York Islanders": "https://seeklogo.com/images/N/new-york-islanders-logo-290734C701-seeklogo.com.png",
  "New York Rangers": "https://seeklogo.com/images/N/new-york-rangers-logo-569BECC934-seeklogo.com.png",
  "Ottawa Senators": "https://seeklogo.com/images/O/ottawa-senators-logo-D3B8ADFBB9-seeklogo.com.png",
  "Philadelphia Flyers": "https://seeklogo.com/images/P/philadelphia-flyers-logo-AC5865F666-seeklogo.com.png",
  "Pittsburgh Penguins": "https://seeklogo.com/images/P/pittsburgh-penguins-logo-A08308C8B8-seeklogo.com.png",
  "San Jose Sharks":"https://seeklogo.com/images/S/san-jose-sharks-logo-1108886DFE-seeklogo.com.png",
  "Seattle Kraken": "https://seeklogo.com/images/S/seattle-kraken-logo-102230809A-seeklogo.com.png",
  "St. Louis Blues": "https://seeklogo.com/images/S/st-louis-blues-logo-9FBFB7C44A-seeklogo.com.png",
  "Tampa Bay Lightning": "https://seeklogo.com/images/T/tampa-bay-lightning-logo-9066D2F72D-seeklogo.com.png",
  "Toronto Maple Leafs":"https://seeklogo.com/images/T/toronto-maple-leafs-logo-867680B38E-seeklogo.com.png",
  "Vancouver Canucks": "https://seeklogo.com/images/V/vancouver-canucks-2008-logo-ADF0C22A59-seeklogo.com.png",
  "Las Vegas Golden Knights": "https://seeklogo.com/images/V/vegas-golden-knights-detailed-primary-logo-49EBC69A53-seeklogo.com.png",
  "Washington Capitals": "https://seeklogo.com/images/W/washington-capitals-logo-7EA8349805-seeklogo.com.png",
  "Winnipeg Jets": "https://seeklogo.com/images/W/winnipeg-jets-logo-F149819331-seeklogo.com.png"
}